component 0,output,flag,username,timestamp
hola,,,,2024-03-21 02:00:42.524533
,,,,2024-03-21 03:33:01.381303
,,,,2024-03-21 03:33:04.330947
,,,,2024-03-21 03:35:41.866771
que es una vaca,"En este momento no dispongo de información sobre qué es una vaca. Si tienes alguna otra pregunta relacionada con la norma ISO 9001, estaré encantada de ayudarte. ¡Gracias!",,,2024-03-21 04:39:24.073171
Cuales son los objetivos de la Iso 9001,"Los objetivos de la norma ISO 9001 son: 
1. Proporcionar productos y servicios que satisfagan requisitos del cliente y legales.
2. Mejorar la satisfacción del cliente.
3. Abordar riesgos y oportunidades.
4. Demostrar conformidad con requisitos del sistema de gestión de calidad.",,,2024-03-21 09:45:15.366456
quien eres tu?,"Soy EMMA, creada por Ingenieros de InproExt. Mi propósito es ofrecer respuestas sobre la norma ISO 9001. ¿En qué puedo ayudarte hoy?",,,2024-03-22 18:31:36.410485
